val_metric,test_metric,test_acc,test_f1,test_bacc,epochs,time_s,architecture,task,task_type,test_mae,test_rmse
0.955995599559956,0.9316893424036281,0.8823529411764706,0.8914728682170543,0.8804563492063492,23,10.74477243423462,FeatureCross_128x2,heart_classification,binary,,
0.957975797579758,0.9393424036281179,0.8781512605042017,0.8816326530612245,0.8794642857142857,23,9.090131044387817,FeatureCross_64x3,heart_classification,binary,,
0.9630363036303631,0.9393424036281179,0.8865546218487395,0.891566265060241,0.8869047619047619,26,5.2013304233551025,SqueezeExcite_128x2,heart_classification,binary,,
0.9566556655665567,0.932468820861678,0.8697478991596639,0.8734693877551021,0.871031746031746,23,4.486053943634033,SqueezeExcite_64x3,heart_classification,binary,,
0.9554455445544555,0.9353741496598639,0.865546218487395,0.875968992248062,0.8635912698412699,25,7.058701038360596,MultiScale_128x2,heart_classification,binary,,
0.9545654565456545,0.9391298185941043,0.8949579831932774,0.9049429657794676,0.8918650793650793,27,8.996166467666626,MultiScale_64x3,heart_classification,binary,,
0.8646206574232747,0.8747017497348887,0.8218390804597702,0.8012820512820513,0.8185975609756098,21,8.112803220748901,FeatureCross_128x2,covid_classification,binary,,
0.8604143947655397,0.8528963414634146,0.7902298850574713,0.7794561933534743,0.7900318133616119,22,9.28263521194458,FeatureCross_64x3,covid_classification,binary,,
0.8821727164148102,0.8698966065747615,0.7873563218390804,0.7873563218390804,0.7899655355249204,22,5.832799196243286,SqueezeExcite_128x2,covid_classification,binary,,
0.876200862024199,0.8681733828207846,0.8160919540229885,0.8,0.8141569459172853,24,9.618448257446289,SqueezeExcite_64x3,covid_classification,binary,,
0.8985304045282235,0.872083775185578,0.8017241379310345,0.7952522255192879,0.8025583244962884,22,10.651886224746704,MultiScale_128x2,covid_classification,binary,,
0.8620241989925741,0.8653565747613997,0.7816091954022989,0.7877094972067039,0.785856309650053,25,12.339832305908203,MultiScale_64x3,covid_classification,binary,,
0.9995256497115234,0.9995588120494237,,,,56,140.38775324821472,FeatureCross_128x2,temperature_regression,regression,0.15286627502397257,0.20948628269894337
0.9995839120657471,0.9995882695907015,,,,58,165.15969061851501,FeatureCross_64x3,temperature_regression,regression,0.13971139021935283,0.20237191482267305
0.9991207260408003,0.999116627737288,,,,44,68.05681657791138,SqueezeExcite_128x2,temperature_regression,regression,0.21733648733231764,0.2964255594869765
0.9993835817598942,0.9993956929545829,,,,71,128.45001792907715,SqueezeExcite_64x3,temperature_regression,regression,0.18547222081599413,0.24517297545082645
0.9995904484813585,0.9996105716358298,,,,115,300.45034074783325,MultiScale_128x2,temperature_regression,regression,0.13442849995405584,0.19681471203865358
0.9993332207544788,0.999376880589346,,,,78,297.0460205078125,MultiScale_64x3,temperature_regression,regression,0.1981849205443153,0.24895990465815931
0.37571399492540125,0.35681831177768336,,,,92,255.6709566116333,FeatureCross_128x2,multi_output_regression,regression,16.270465234755278,88.09561519795987
0.3565720372762217,0.3261530107688235,,,,84,251.8299651145935,FeatureCross_64x3,multi_output_regression,regression,18.260873453149603,89.65731665891857
0.37865863836109154,0.3589285947298616,,,,85,144.60420393943787,SqueezeExcite_128x2,multi_output_regression,regression,20.16888295443128,88.72804093150862
0.37725455772845395,0.3592509536483807,,,,65,113.3604040145874,SqueezeExcite_64x3,multi_output_regression,regression,17.706320484614487,89.46773970466145
0.38786724420370433,0.36856175371652333,,,,86,238.1236503124237,MultiScale_128x2,multi_output_regression,regression,17.787969593621128,88.63377620961734
0.37101819699735333,0.35430837853020936,,,,50,164.0814390182495,MultiScale_64x3,multi_output_regression,regression,21.04392975111266,89.6138894015633
0.4947897702275298,0.7549939760028302,0.502,0.48491955097335193,0.4808931180704224,34,105.53891968727112,FeatureCross_128x2,weather_classification,multiclass,,
0.521421054754491,0.766715291038517,0.51725,0.5124856663057777,0.511737132892736,94,333.94538712501526,FeatureCross_64x3,weather_classification,multiclass,,
0.4868856714129204,0.7595025655406457,0.50575,0.49830496346301717,0.49299393049942375,61,122.4560477733612,SqueezeExcite_128x2,weather_classification,multiclass,,
0.4791333095526834,0.7544078307104012,0.498,0.47214733306760404,0.47052930694750417,53,121.20594048500061,SqueezeExcite_64x3,weather_classification,multiclass,,
0.49189343480280256,0.7578422373007551,0.50525,0.49707768344477715,0.4907863414081734,72,258.30598616600037,MultiScale_128x2,weather_classification,multiclass,,
0.4887222701287116,0.7544912645122096,0.484,0.48503992132107976,0.4852085598238566,47,205.7936074733734,MultiScale_64x3,weather_classification,multiclass,,
0.9712594312878157,0.9582537597916184,,,,72,273.7137916088104,FeatureCross_128x2,wind_forecasting,regression,0.03176562998153708,0.05257296304958364
0.9712322685314257,0.9584589771505171,,,,76,336.11853551864624,FeatureCross_64x3,wind_forecasting,regression,0.03162331618081554,0.05244358401641241
0.9699723271427291,0.9580668739757927,,,,71,176.56635069847107,SqueezeExcite_128x2,wind_forecasting,regression,0.03178965110926837,0.05269050859989257
0.9697884747546323,0.9573235674147833,,,,55,157.15644454956055,SqueezeExcite_64x3,wind_forecasting,regression,0.03328283587542452,0.05315545320689364
0.9703256843076266,0.9593474917794286,,,,83,371.77099227905273,MultiScale_128x2,wind_forecasting,regression,0.03364769383531622,0.051879698576671844
0.9701873611500917,0.957656693907313,,,,89,484.5994348526001,MultiScale_64x3,wind_forecasting,regression,0.03149536584593152,0.05294758460458539
0.9967234906530562,0.9964715625003292,,,,87,414.42227840423584,FeatureCross_128x2,energy_forecasting,regression,0.00610795796718221,0.00828879708879792
0.9969536503227447,0.9961194573469164,,,,141,782.5463457107544,FeatureCross_64x3,energy_forecasting,regression,0.006412861290716034,0.008692536527122844
0.9936664814361118,0.9932267075824087,,,,77,238.75913500785828,SqueezeExcite_128x2,energy_forecasting,regression,0.008485138912477817,0.011484185697581873
0.9951714720507961,0.9948924641179379,,,,67,238.34508681297302,SqueezeExcite_64x3,energy_forecasting,regression,0.007274049385827743,0.009972545049005965
0.9940931803100568,0.9938091775150861,,,,77,430.6654784679413,MultiScale_128x2,energy_forecasting,regression,0.008481207706153572,0.010979295381353612
0.9933934330513309,0.9929890565972324,,,,56,382.34954380989075,MultiScale_64x3,energy_forecasting,regression,0.009176392111376918,0.011683918642703345
0.8375589552445453,0.8359442268523473,0.7437919463087248,0.7378540772532188,0.7444691798836087,28,260.847106218338,FeatureCross_128x2,anomaly_employee,binary,,
0.8390597885239377,0.8355608773999659,0.7463926174496645,0.7375184509854997,0.7465281399295909,29,312.6285517215729,FeatureCross_64x3,anomaly_employee,binary,,
0.8383928298993593,0.8332110859316832,0.7359060402684564,0.7443560175410102,0.7393000224402433,26,160.43153738975525,SqueezeExcite_128x2,anomaly_employee,binary,,
0.8392034452209411,0.8372735121373722,0.7457214765100671,0.7203616569794261,0.743061980222786,34,235.5091588497162,SqueezeExcite_64x3,anomaly_employee,binary,,
0.8381980467627683,0.8353005654986453,0.7449664429530202,0.7300657076895756,0.7440479173693353,29,316.8810911178589,MultiScale_128x2,anomaly_employee,binary,,
0.8390048920881581,0.8378674364076467,0.7462248322147651,0.7197776748494673,0.7433852642101599,32,419.5139946937561,MultiScale_64x3,anomaly_employee,binary,,
0.953080308030803,0.9396258503401361,0.8739495798319328,0.8828125,0.8725198412698413,38,7.072542428970337,FeatureCross_128x2,anomaly_heart,binary,,
0.9482948294829483,0.9348781179138322,0.865546218487395,0.875968992248062,0.8635912698412699,22,5.169948577880859,FeatureCross_64x3,anomaly_heart,binary,,
0.9557755775577558,0.9462159863945578,0.8949579831932774,0.8995983935742972,0.8953373015873016,25,3.3137340545654297,SqueezeExcite_128x2,anomaly_heart,binary,,
0.963146314631463,0.9238236961451247,0.8739495798319328,0.8809523809523809,0.8735119047619048,28,4.133059740066528,SqueezeExcite_64x3,anomaly_heart,binary,,
0.9497249724972497,0.9389880952380952,0.8949579831932774,0.9042145593869731,0.8923611111111112,24,5.3439109325408936,MultiScale_128x2,anomaly_heart,binary,,
0.9526952695269527,0.9301303854875282,0.8823529411764706,0.8914728682170543,0.8804563492063492,44,11.614219903945923,MultiScale_64x3,anomaly_heart,binary,,
0.9953164859693877,0.9999744897959183,0.9976923076923077,0.9953198127925117,0.9974170918367347,53,53.14413332939148,FeatureCross_128x2,anomaly_wine,binary,,
0.9941256776147959,0.9978475765306122,0.9938461538461538,0.9875389408099688,0.9927614795918367,20,24.056456804275513,FeatureCross_64x3,anomaly_wine,binary,,
0.9953613281249999,0.9972735969387755,0.9953846153846154,0.9905956112852664,0.9927295918367347,20,13.490058660507202,SqueezeExcite_128x2,anomaly_wine,binary,,
0.9958097496811225,0.9997640306122448,0.9953846153846154,0.9906832298136646,0.9958864795918367,42,31.613107204437256,SqueezeExcite_64x3,anomaly_wine,binary,,
0.9955705915178571,0.9994738520408163,0.9976923076923077,0.9953051643192489,0.9963647959183674,24,29.041524410247803,MultiScale_128x2,anomaly_wine,binary,,
0.9958844866071428,0.9999075255102042,0.9976923076923077,0.9953051643192489,0.9963647959183674,20,29.034015417099,MultiScale_64x3,anomaly_wine,binary,,
